100|MAHeesa|9876|5200|10|10-10-2015
101|MaHesh|1456|8888|10|06-09-2016
201|MaHesh|7856|1500|10|16-12-2015
106|kal123|8888|1000|29|16-12-2015
107|kal123|2080|9999|29|16-12-2015
109|kal123|1800|1000|29|16-12-2015
108|MaHesh|2000|111|29|18-12-2015
100|MaheEsa|9876|1200|10|10-10-2015
100|MAHeesa|9876|5200|10|10-10-2015
101|MaHesh|1456|8888|10|16-12-2015
102|rajesh|7856|1500|10|16-12-2015
106|kal123|8888|1000|29|16-12-2015
107|kal123|2080|9999|29|16-12-2015
109|kal123|1800|1000|29|16-12-2015
108|NaGRaj|2000|111|29|18-12-2015
112|Nag|1457|5456|29|18-12-2015
